
{
   "controller": {
   },
   "workers": [
      {
         "type": "router",
         "realms": [
            {
               "name": "crossbardemo",
               "roles": [
                  {
                     "name": "anonymous",
                     "permissions": [
                        {
                           "uri": "*",
                           "publish": true,
                           "subscribe": true,
                           "call": true,
                           "register": true
                        }
                     ]
                  }
               ]
            }
         ],
         "transports": [
            {
               "type": "web",
               "endpoint": {
                  "type": "tcp",
                  "port": 8080
               },
               "paths": {
                  "/": {
                      "type": "static",
                      "directory": "../..",
                      "options": {
                          "enable_directory_listing": true,
                          "mime_types": {
                              ".md": "text/plain",
                              ".py": "text/plain"
                          }
                      }
                  },
                  "ws": {
                     "type": "websocket"
                  }
               }
            },
             {
                 "type": "websocket",
                 "endpoint": {
                     "type": "tcp",
                     "interface": "127.0.0.1",
                     "port": 8083,
                     "tls": {
                         "key": "../../twisted/wamp/pubsub/tls/server.key",
                         "certificate": "../../twisted/wamp/pubsub/tls/server.crt"
                     }
                 }
             }
         ]
      }
   ]
}
